<?xml version="1.0" encoding="UTF-8"?>
<!DOCTYPE mapper PUBLIC "-//mybatis.org//DTD Mapper 3.0//EN"
    "http://mybatis.org/dtd/mybatis-3-mapper.dtd">
<!-- namespace表示命名空间 -->
<mapper namespace="com.bigdatacase.mapper.itemCategory">  
	<select id="getItemByCategory" parameterType="Integer" resultMap="icp">
		select * from Item_Category_Province where item_category= #{item_category}
	</select>
	<resultMap type="com.bigdatacase.po.ItemCategoryProvince" id="icp">
		<id property="id" column="id"/>
		<result property="itemCategory" column="item_category"/>
		<result property="province" column="province"/>
		<result property="amount" column="amount"/>
	</resultMap>
</mapper>
