<?xml version="1.0" encoding="UTF-8"?>
<beans xmlns="http://www.springframework.org/schema/beans"
  xmlns:mvc="http://www.springframework.org/schema/mvc"
  xmlns:xsi="http://www.w3.org/2001/XMLSchema-instance"
  xmlns:context="http://www.springframework.org/schema/context"
  xsi:schemaLocation="http://www.springframework.org/schema/beans
  http://www.springframework.org/schema/beans/spring-beans-4.3.xsd
  http://www.springframework.org/schema/mvc
  http://www.springframework.org/schema/mvc/spring-mvc-4.3.xsd
  http://www.springframework.org/schema/context 
  http://www.springframework.org/schema/context/spring-context-4.3.xsd">
	<!-- 指定需要扫描的包 -->
	<context:component-scan base-package="com.bigdatacase.controller" />
	<!-- 放行静态资源，允许link进来.css .js文件 -->
	<mvc:default-servlet-handler/>
	<!-- 上一条的配置虽然支持了静态资源访问，但是影响到了@requestMapping()这里注解，地址栏访问/.../xxxAction时会报错404， ,要加上一条支持mvc的注解。如下： -->
	<mvc:annotation-driven />
	<mvc:resources location="/js/" mapping="/js/**"></mvc:resources>
	<mvc:resources location="/css/" mapping="/css/**"></mvc:resources>
	<!-- 定义视图解析器 -->
	<bean id="viewResolver" class="org.springframework.web.servlet.view.InternalResourceViewResolver">
	     <!-- 设置前缀 -->
	     <property name="prefix" value="/" />
	     <!-- 设置后缀 -->
	     <property name="suffix" value=".jsp" /> 
	</bean>
</beans>  
